[
	{
		"Id": 28,
		"Name": "Action"
	},
	{
		"Id": 12,
		"Name": "Adventure"
	},
	{
		"Id": 16,
		"Name": "Animation"
	},
	{
		"Id": 35,
		"Name": "Comedy"
	},
	{
		"Id": 80,
		"Name": "Crime"
	},
	{
		"Id": 99,
		"Name": "Documentary"
	},
	{
		"Id": 18,
		"Name": "Drama"
	},
	{
		"Id": 10751,
		"Name": "Family"
	},
	{
		"Id": 14,
		"Name": "Fantasy"
	},
	{
		"Id": 36,
		"Name": "History"
	},
	{
		"Id": 27,
		"Name": "Horror"
	},
	{
		"Id": 10402,
		"Name": "Music"
	},
	{
		"Id": 9648,
		"Name": "Mystery"
	},
	{
		"Id": 10749,
		"Name": "Romance"
	},
	{
		"Id": 878,
		"Name": "Science Fiction"
	},
	{
		"Id": 10770,
		"Name": "TV Movie"
	},
	{
		"Id": 53,
		"Name": "Thriller"
	},
	{
		"Id": 10752,
		"Name": "War"
	},
	{
		"Id": 37,
		"Name": "Western"
	}
]
